Product Link,Type
https://www.amazon.com/Kitsch-Hair-Ties-Damage-Snag-Free/dp/B0DX7GY4V2,amazon
https://www.amazon.com/Clearing-Salicylic-Treatment-Soothing-Non-Stripping/dp/B082G1PXB5,amazon
https://www.amazon.com/ANUA-Brightening-Niacinamide-Fragrance-Free-comodogenic/dp/B0D54F8XYK,amazon
https://www.amazon.com/Medicube-Zero-Pore-Blackhead-Facial/dp/B0D1G7XF9X,amazon
https://www.amazon.com/Paulas-Choice-SKIN-PERFECTING-Salicylic-Exfoliant/dp/B07D8DBS7S,amazon
https://www.amazon.com/BRIOTECH-Topical-Hypochlorous-Sensitive-Irritation/dp/B0F552C67W,amazon
https://www.amazon.com/Maskiss-Patches-Variety-Stocking-Stuffers/dp/B0FJXGCHSQ,amazon
https://www.amazon.com/Carroten-Tan-Express-Intensive-Tanning/dp/B00I51885U,amazon
https://www.amazon.com/Neutrogena-Oil-Free-Sunscreen-Sweatproof-Waterproof/dp/B001P92FMG,amazon
https://www.amazon.com/Slopehill-Professional-Powerful-Concentrator-Attachments/dp/B0CSFRQWH4,amazon
https://www.amazon.com/ALICE-Extensions-Invisible-Waterproof-Individual/dp/B0DMSS33MP,amazon
